-- phpMyAdmin SQL Dump
-- version 5.1.0
-- https://www.phpmyadmin.net/
--
-- Хост: 127.0.0.1:3306
-- Время создания: Окт 08 2021 г., 14:12
-- Версия сервера: 5.7.33
-- Версия PHP: 7.4.21

SET SQL_MODE = "NO_AUTO_VALUE_ON_ZERO";
START TRANSACTION;
SET time_zone = "+00:00";


/*!40101 SET @OLD_CHARACTER_SET_CLIENT=@@CHARACTER_SET_CLIENT */;
/*!40101 SET @OLD_CHARACTER_SET_RESULTS=@@CHARACTER_SET_RESULTS */;
/*!40101 SET @OLD_COLLATION_CONNECTION=@@COLLATION_CONNECTION */;
/*!40101 SET NAMES utf8mb4 */;

--
-- База данных: `customshop.loc`
--

-- --------------------------------------------------------

--
-- Структура таблицы `attribute_group`
--

CREATE TABLE `attribute_group` (
  `id` int(10) UNSIGNED NOT NULL,
  `title` varchar(255) NOT NULL
) ENGINE=InnoDB DEFAULT CHARSET=utf8;

--
-- Дамп данных таблицы `attribute_group`
--

INSERT INTO `attribute_group` (`id`, `title`) VALUES
(1, 'Механизм'),
(2, 'Стекло'),
(3, 'Ремешок'),
(4, 'Корпус'),
(5, 'Индикация');

-- --------------------------------------------------------

--
-- Структура таблицы `attribute_product`
--

CREATE TABLE `attribute_product` (
  `attr_id` int(10) UNSIGNED NOT NULL,
  `product_id` int(11) UNSIGNED NOT NULL
) ENGINE=InnoDB DEFAULT CHARSET=utf8;

--
-- Дамп данных таблицы `attribute_product`
--

INSERT INTO `attribute_product` (`attr_id`, `product_id`) VALUES
(1, 1),
(2, 4),
(2, 5),
(2, 11),
(2, 15),
(2, 16),
(2, 17),
(2, 20),
(2, 21),
(2, 22),
(3, 12),
(3, 23),
(3, 24),
(3, 25),
(3, 26),
(4, 2),
(4, 3),
(4, 27),
(4, 28),
(5, 1),
(5, 4),
(5, 5),
(5, 12),
(5, 13),
(6, 2),
(6, 29),
(6, 30),
(6, 31),
(6, 32),
(6, 33),
(7, 3),
(7, 6),
(8, 1),
(9, 2),
(9, 14),
(10, 4),
(10, 5),
(10, 13),
(11, 7),
(11, 8),
(11, 9),
(11, 10),
(12, 1),
(14, 3),
(16, 1),
(16, 4),
(16, 5);

-- --------------------------------------------------------

--
-- Структура таблицы `attribute_value`
--

CREATE TABLE `attribute_value` (
  `id` int(10) UNSIGNED NOT NULL,
  `value` varchar(255) NOT NULL,
  `attr_group_id` int(10) UNSIGNED NOT NULL
) ENGINE=InnoDB DEFAULT CHARSET=utf8;

--
-- Дамп данных таблицы `attribute_value`
--

INSERT INTO `attribute_value` (`id`, `value`, `attr_group_id`) VALUES
(1, 'Механика с автоподзаводом', 1),
(2, 'Механика с ручным заводом', 1),
(3, 'Кварцевый от батарейки', 1),
(4, 'Кварцевый от солнечного аккумулятора', 1),
(5, 'Сапфировое', 2),
(6, 'Минеральное', 2),
(7, 'Полимерное', 2),
(8, 'Стальной', 3),
(9, 'Кожаный', 3),
(10, 'Каучуковый', 3),
(11, 'Полимерный', 3),
(12, 'Нержавеющая сталь', 4),
(13, 'Титановый сплав', 4),
(14, 'Латунь', 4),
(15, 'Полимер', 4),
(16, 'Керамика', 4),
(17, 'Алюминий', 4),
(18, 'Аналоговые', 5),
(19, 'Цифровые', 5);

-- --------------------------------------------------------

--
-- Структура таблицы `brand`
--

CREATE TABLE `brand` (
  `id` int(10) UNSIGNED NOT NULL,
  `title` varchar(255) NOT NULL,
  `alias` varchar(255) NOT NULL,
  `img` varchar(255) NOT NULL DEFAULT 'brand_no_image.jpg',
  `description` varchar(255) DEFAULT NULL
) ENGINE=InnoDB DEFAULT CHARSET=utf8;

--
-- Дамп данных таблицы `brand`
--

INSERT INTO `brand` (`id`, `title`, `alias`, `img`, `description`) VALUES
(1, 'Brand 1', 'brand-1', '1.png', 'In sit amet sapien eros Integer dolore magna aliqua'),
(2, 'Brand 2', 'brand-2', '2.png', 'In sit amet sapien eros Integer dolore magna aliqua'),
(3, 'Brand 3', 'brand-3', '3.png', 'In sit amet sapien eros Integer dolore magna aliqua'),
(4, 'Brand 4', 'brand-4', '4.png', NULL),
(5, 'Brand 5', 'brand-5', '', NULL);

-- --------------------------------------------------------

--
-- Структура таблицы `category`
--

CREATE TABLE `category` (
  `id` int(10) UNSIGNED NOT NULL,
  `title` varchar(255) NOT NULL,
  `alias` varchar(255) NOT NULL,
  `parent_id` tinyint(3) UNSIGNED NOT NULL DEFAULT '0',
  `keywords` varchar(255) DEFAULT NULL,
  `description` varchar(255) DEFAULT NULL,
  `img` varchar(255) DEFAULT NULL
) ENGINE=InnoDB DEFAULT CHARSET=utf8;

--
-- Дамп данных таблицы `category`
--

INSERT INTO `category` (`id`, `title`, `alias`, `parent_id`, `keywords`, `description`, `img`) VALUES
(1, 'Men', 'men', 1, 'Men', 'Men', 'Men.webp'),
(2, 'Women', 'women', 2, 'Women', 'Women', 'Women.webp'),
(3, 'Kids', 'kids', 3, 'Kids', 'Kids', NULL);

-- --------------------------------------------------------

--
-- Структура таблицы `currency`
--

CREATE TABLE `currency` (
  `id` int(10) UNSIGNED NOT NULL,
  `title` varchar(50) NOT NULL,
  `code` varchar(3) NOT NULL,
  `symbol_left` varchar(10) NOT NULL,
  `symbol_right` varchar(10) NOT NULL,
  `value` float(15,2) NOT NULL,
  `base` enum('0','1') NOT NULL
) ENGINE=InnoDB DEFAULT CHARSET=utf8;

--
-- Дамп данных таблицы `currency`
--

INSERT INTO `currency` (`id`, `title`, `code`, `symbol_left`, `symbol_right`, `value`, `base`) VALUES
(1, 'гривна', 'UAH', '', 'грн.', 25.80, '0'),
(2, 'доллар', 'USD', '$', '', 1.00, '1'),
(3, 'Евро', 'EUR', '€', '', 0.88, '0');

-- --------------------------------------------------------

--
-- Структура таблицы `gallery`
--

CREATE TABLE `gallery` (
  `id` int(10) UNSIGNED NOT NULL,
  `product_id` int(10) UNSIGNED NOT NULL,
  `img` varchar(255) NOT NULL
) ENGINE=InnoDB DEFAULT CHARSET=utf8;

--
-- Дамп данных таблицы `gallery`
--

INSERT INTO `gallery` (`id`, `product_id`, `img`) VALUES
(1, 2, 's-1.jpg'),
(2, 2, 's-2.jpg'),
(3, 2, 's-3.jpg');

-- --------------------------------------------------------

--
-- Структура таблицы `item_labels`
--

CREATE TABLE `item_labels` (
  `id` int(10) UNSIGNED NOT NULL,
  `title` varchar(255) COLLATE utf8mb4_unicode_ci NOT NULL,
  `alias` varchar(255) COLLATE utf8mb4_unicode_ci NOT NULL
) ENGINE=InnoDB DEFAULT CHARSET=utf8mb4 COLLATE=utf8mb4_unicode_ci;

--
-- Дамп данных таблицы `item_labels`
--

INSERT INTO `item_labels` (`id`, `title`, `alias`) VALUES
(1, 'Bestseller', 'bestseller'),
(2, 'Sale', 'sale'),
(3, 'New', 'new');

-- --------------------------------------------------------

--
-- Структура таблицы `modification`
--

CREATE TABLE `modification` (
  `id` int(10) UNSIGNED NOT NULL,
  `product_id` int(10) UNSIGNED NOT NULL,
  `title` varchar(255) NOT NULL,
  `price` float NOT NULL DEFAULT '0'
) ENGINE=InnoDB DEFAULT CHARSET=utf8;

--
-- Дамп данных таблицы `modification`
--

INSERT INTO `modification` (`id`, `product_id`, `title`, `price`) VALUES
(1, 1, 'Silver', 300),
(2, 3, 'Black', 300),
(3, 4, 'Dark Black', 305),
(4, 5, 'Red', 310),
(5, 2, 'Silver', 80),
(6, 2, 'Red', 70);

-- --------------------------------------------------------

--
-- Структура таблицы `order`
--

CREATE TABLE `order` (
  `id` int(10) UNSIGNED NOT NULL,
  `user_id` int(10) UNSIGNED NOT NULL,
  `status` enum('0','1') NOT NULL DEFAULT '0',
  `date` timestamp NOT NULL DEFAULT CURRENT_TIMESTAMP,
  `update_at` timestamp NULL DEFAULT NULL,
  `currency` varchar(10) NOT NULL,
  `note` text
) ENGINE=InnoDB DEFAULT CHARSET=utf8;

-- --------------------------------------------------------

--
-- Структура таблицы `order_product`
--

CREATE TABLE `order_product` (
  `id` int(10) UNSIGNED NOT NULL,
  `order_id` int(10) UNSIGNED NOT NULL,
  `product_id` int(10) UNSIGNED NOT NULL,
  `qty` int(11) NOT NULL,
  `title` varchar(255) NOT NULL,
  `price` float NOT NULL
) ENGINE=InnoDB DEFAULT CHARSET=utf8;

-- --------------------------------------------------------

--
-- Структура таблицы `product`
--

CREATE TABLE `product` (
  `id` int(10) UNSIGNED NOT NULL,
  `category_id` tinyint(3) UNSIGNED NOT NULL,
  `brand_id` tinyint(3) UNSIGNED NOT NULL,
  `title` varchar(255) NOT NULL,
  `alias` varchar(255) NOT NULL,
  `content` text,
  `price` float NOT NULL DEFAULT '0',
  `old_price` float NOT NULL DEFAULT '0',
  `status` enum('0','1') NOT NULL DEFAULT '1',
  `keywords` varchar(255) DEFAULT NULL,
  `description` varchar(255) DEFAULT NULL,
  `img` varchar(255) NOT NULL DEFAULT 'no_image.jpg',
  `label_id` int(20) UNSIGNED NOT NULL
) ENGINE=InnoDB DEFAULT CHARSET=utf8;

--
-- Дамп данных таблицы `product`
--

INSERT INTO `product` (`id`, `category_id`, `brand_id`, `title`, `alias`, `content`, `price`, `old_price`, `status`, `keywords`, `description`, `img`, `label_id`) VALUES
(12, 1, 1, 'Product 1', 'product-1', NULL, 100, 0, '1', NULL, NULL, 'no_image.jpg', 0),
(13, 1, 2, 'Product 2', 'product-2', NULL, 105, 0, '1', NULL, NULL, 'no_image.jpg', 1),
(14, 1, 2, 'Product 3', 'product-3', NULL, 110, 120, '1', NULL, NULL, 'no_image.jpg', 2),
(15, 1, 3, 'Product 4', 'product-4', NULL, 115, 0, '1', NULL, NULL, 'no_image.jpg', 3),
(16, 2, 3, 'Product 5', 'product-5', NULL, 115, 0, '1', NULL, NULL, 'no_image.jpg', 0),
(17, 2, 2, 'Product 6', 'product-6', NULL, 120, 0, '1', NULL, NULL, 'no_image.jpg', 1),
(20, 2, 5, 'Product 7', 'product-7', NULL, 120, 130, '1', NULL, NULL, 'no_image.jpg', 2),
(21, 2, 5, 'Product 8', 'product-8', NULL, 120, 0, '1', NULL, NULL, 'no_image.jpg', 3),
(22, 3, 5, 'Product 9', 'product-9', NULL, 125, 0, '1', NULL, NULL, 'no_image.jpg', 0),
(23, 3, 3, 'Product 10', 'product-10', NULL, 125, 0, '1', NULL, NULL, 'no_image.jpg', 1),
(24, 3, 5, 'Product 11', 'product-11', NULL, 125, 140, '1', NULL, NULL, 'no_image.jpg', 2),
(25, 3, 2, 'Product 12', 'product-12', NULL, 125, 0, '1', NULL, NULL, 'no_image.jpg', 3),
(26, 1, 3, 'Product 13', 'product-13', NULL, 125, 0, '1', NULL, NULL, 'no_image.jpg', 0),
(27, 2, 4, 'Product 14', 'product-14', NULL, 125, 0, '1', NULL, NULL, 'no_image.jpg', 1),
(28, 3, 4, 'Product 15', 'product-15', NULL, 125, 140, '1', NULL, NULL, 'no_image.jpg', 2),
(29, 1, 4, 'Product 16', 'product-16', NULL, 125, 0, '1', NULL, NULL, 'no_image.jpg', 3),
(30, 2, 4, 'Product 17', 'product-17', NULL, 125, 0, '1', NULL, NULL, 'no_image.jpg', 0),
(31, 3, 1, 'Product 18', 'product-18', NULL, 125, 0, '1', NULL, NULL, 'no_image.jpg', 1),
(32, 1, 1, 'Product 19', 'product-19', NULL, 125, 155, '1', NULL, NULL, 'no_image.jpg', 2),
(33, 2, 1, 'Product 20', 'product-20', NULL, 125, 0, '1', NULL, NULL, 'no_image.jpg', 3);

-- --------------------------------------------------------

--
-- Структура таблицы `related_product`
--

CREATE TABLE `related_product` (
  `product_id` int(10) UNSIGNED NOT NULL,
  `related_id` int(10) UNSIGNED NOT NULL
) ENGINE=InnoDB DEFAULT CHARSET=utf8;

--
-- Дамп данных таблицы `related_product`
--

INSERT INTO `related_product` (`product_id`, `related_id`) VALUES
(1, 2),
(1, 5),
(2, 5),
(2, 10),
(5, 1),
(5, 7),
(5, 8);

-- --------------------------------------------------------

--
-- Структура таблицы `user`
--

CREATE TABLE `user` (
  `id` int(10) UNSIGNED NOT NULL,
  `login` varchar(255) NOT NULL,
  `password` varchar(255) NOT NULL,
  `email` varchar(255) NOT NULL,
  `name` varchar(255) NOT NULL,
  `address` varchar(255) NOT NULL,
  `role` enum('user','admin') NOT NULL DEFAULT 'user'
) ENGINE=InnoDB DEFAULT CHARSET=utf8;

--
-- Индексы сохранённых таблиц
--

--
-- Индексы таблицы `attribute_group`
--
ALTER TABLE `attribute_group`
  ADD PRIMARY KEY (`id`);

--
-- Индексы таблицы `attribute_product`
--
ALTER TABLE `attribute_product`
  ADD PRIMARY KEY (`attr_id`,`product_id`);

--
-- Индексы таблицы `attribute_value`
--
ALTER TABLE `attribute_value`
  ADD PRIMARY KEY (`id`),
  ADD UNIQUE KEY `value` (`value`),
  ADD KEY `attr_group_id` (`attr_group_id`);

--
-- Индексы таблицы `brand`
--
ALTER TABLE `brand`
  ADD PRIMARY KEY (`id`),
  ADD UNIQUE KEY `alias` (`alias`);

--
-- Индексы таблицы `category`
--
ALTER TABLE `category`
  ADD PRIMARY KEY (`id`),
  ADD UNIQUE KEY `alias` (`alias`);

--
-- Индексы таблицы `currency`
--
ALTER TABLE `currency`
  ADD PRIMARY KEY (`id`);

--
-- Индексы таблицы `gallery`
--
ALTER TABLE `gallery`
  ADD PRIMARY KEY (`id`);

--
-- Индексы таблицы `item_labels`
--
ALTER TABLE `item_labels`
  ADD PRIMARY KEY (`id`);

--
-- Индексы таблицы `modification`
--
ALTER TABLE `modification`
  ADD PRIMARY KEY (`id`);

--
-- Индексы таблицы `order`
--
ALTER TABLE `order`
  ADD PRIMARY KEY (`id`);

--
-- Индексы таблицы `order_product`
--
ALTER TABLE `order_product`
  ADD PRIMARY KEY (`id`),
  ADD KEY `order_id` (`order_id`);

--
-- Индексы таблицы `product`
--
ALTER TABLE `product`
  ADD PRIMARY KEY (`id`),
  ADD UNIQUE KEY `alias` (`alias`),
  ADD KEY `category_id` (`category_id`,`brand_id`),
  ADD KEY `label_id` (`label_id`);

--
-- Индексы таблицы `related_product`
--
ALTER TABLE `related_product`
  ADD PRIMARY KEY (`product_id`,`related_id`);

--
-- Индексы таблицы `user`
--
ALTER TABLE `user`
  ADD PRIMARY KEY (`id`),
  ADD UNIQUE KEY `login` (`login`),
  ADD UNIQUE KEY `email` (`email`);

--
-- AUTO_INCREMENT для сохранённых таблиц
--

--
-- AUTO_INCREMENT для таблицы `attribute_group`
--
ALTER TABLE `attribute_group`
  MODIFY `id` int(10) UNSIGNED NOT NULL AUTO_INCREMENT, AUTO_INCREMENT=6;

--
-- AUTO_INCREMENT для таблицы `attribute_value`
--
ALTER TABLE `attribute_value`
  MODIFY `id` int(10) UNSIGNED NOT NULL AUTO_INCREMENT, AUTO_INCREMENT=20;

--
-- AUTO_INCREMENT для таблицы `brand`
--
ALTER TABLE `brand`
  MODIFY `id` int(10) UNSIGNED NOT NULL AUTO_INCREMENT, AUTO_INCREMENT=6;

--
-- AUTO_INCREMENT для таблицы `category`
--
ALTER TABLE `category`
  MODIFY `id` int(10) UNSIGNED NOT NULL AUTO_INCREMENT, AUTO_INCREMENT=4;

--
-- AUTO_INCREMENT для таблицы `currency`
--
ALTER TABLE `currency`
  MODIFY `id` int(10) UNSIGNED NOT NULL AUTO_INCREMENT, AUTO_INCREMENT=4;

--
-- AUTO_INCREMENT для таблицы `gallery`
--
ALTER TABLE `gallery`
  MODIFY `id` int(10) UNSIGNED NOT NULL AUTO_INCREMENT, AUTO_INCREMENT=4;

--
-- AUTO_INCREMENT для таблицы `item_labels`
--
ALTER TABLE `item_labels`
  MODIFY `id` int(10) UNSIGNED NOT NULL AUTO_INCREMENT, AUTO_INCREMENT=4;

--
-- AUTO_INCREMENT для таблицы `modification`
--
ALTER TABLE `modification`
  MODIFY `id` int(10) UNSIGNED NOT NULL AUTO_INCREMENT, AUTO_INCREMENT=7;

--
-- AUTO_INCREMENT для таблицы `order`
--
ALTER TABLE `order`
  MODIFY `id` int(10) UNSIGNED NOT NULL AUTO_INCREMENT;

--
-- AUTO_INCREMENT для таблицы `order_product`
--
ALTER TABLE `order_product`
  MODIFY `id` int(10) UNSIGNED NOT NULL AUTO_INCREMENT;

--
-- AUTO_INCREMENT для таблицы `product`
--
ALTER TABLE `product`
  MODIFY `id` int(10) UNSIGNED NOT NULL AUTO_INCREMENT, AUTO_INCREMENT=34;

--
-- AUTO_INCREMENT для таблицы `user`
--
ALTER TABLE `user`
  MODIFY `id` int(10) UNSIGNED NOT NULL AUTO_INCREMENT;

--
-- Ограничения внешнего ключа сохраненных таблиц
--

--
-- Ограничения внешнего ключа таблицы `order_product`
--
ALTER TABLE `order_product`
  ADD CONSTRAINT `order_product_ibfk_1` FOREIGN KEY (`order_id`) REFERENCES `order` (`id`) ON DELETE CASCADE ON UPDATE CASCADE;
COMMIT;

/*!40101 SET CHARACTER_SET_CLIENT=@OLD_CHARACTER_SET_CLIENT */;
/*!40101 SET CHARACTER_SET_RESULTS=@OLD_CHARACTER_SET_RESULTS */;
/*!40101 SET COLLATION_CONNECTION=@OLD_COLLATION_CONNECTION */;
